<?xml version="1.0" encoding="UTF-8"?>
<payment-processors xmlns="http://www.demandware.com/xml/impex/paymentprocessor/2007-03-31">
    <payment-processor processor-id="STRIPE">
        <preferences>
            <all-instances/>
            <development>
                <preference preference-id="Stripe_API_Key"></preference>
                <preference preference-id="Stripe_Test_Customer_ID"></preference>
            </development>
            <staging/>
            <production/>
        </preferences>
    </payment-processor>

</payment-processors>
