<?xml version="1.0" encoding="UTF-8"?>
<preferences xmlns="http://www.demandware.com/xml/impex/preferences/2007-03-31">
    <standard-preferences>
    </standard-preferences>
    <custom-preferences>
        <all-instances/>
        <development>
            <preference preference-id="Stripe_API_Key">sk_test_51KnLRMEkHKLpzvq1tS7ua58vLHdVKjBgyIax5bkoKssqijvsVPFULpW8xVtapICfz9ZrWFpLJAHmkitzxLJihhAK00SrkGe0oH</preference>
            <preference preference-id="Stripe_Test_Customer_ID">cus_LUeouSeDNKW65a</preference>
        </development>
        <production/>
    </custom-preferences>
</preferences>

